<?xml version="1.0" encoding="utf-8"?>
<gmd:MD_Metadata xmlns:xsd="http://www.w3.org/2001/XMLSchema" xmlns:xsi="http://www.w3.org/2001/XMLSchema-instance" xmlns:gts="http://www.isotc211.org/2005/gts" xmlns:xlink="http://www.w3.org/1999/xlink" xmlns:gss="http://www.isotc211.org/2005/gss" xmlns:gsr="http://www.isotc211.org/2005/gsr" xmlns:gco="http://www.isotc211.org/2005/gco" xmlns:gml="http://www.opengis.net/gml/3.2" xsi:schemaLocation="http://www.isotc211.org/2005/gmd http://nap.geogratis.gc.ca/metadata/tools/schemas/metadata/can-cgsb-171.100-2009-a/gmd/gmd.xsd" xmlns:gmd="http://www.isotc211.org/2005/gmd">
  <gmd:fileIdentifier>
    <gco:CharacterString>ef60d323-8b11-5908-b06b-caafb197563d</gco:CharacterString>
  </gmd:fileIdentifier>
  <gmd:language>
    <gco:CharacterString>eng; CAN</gco:CharacterString>
  </gmd:language>
  <gmd:characterSet>
    <gmd:MD_CharacterSetCode codeList="http://nap.geogratis.gc.ca/metadata/register/napMetadataRegister.xml#IC_95" codeListValue="RI_458">utf8; utf8</gmd:MD_CharacterSetCode>
  </gmd:characterSet>
  <gmd:hierarchyLevel>
    <gmd:MD_ScopeCode codeList="http://nap.geogratis.gc.ca/metadata/register/napMetadataRegister.xml#IC_108" codeListValue="RI_622">dataset; jeuDonnées</gmd:MD_ScopeCode>
  </gmd:hierarchyLevel>
  <gmd:contact>
    <gmd:CI_ResponsibleParty>
      <gmd:organisationName xsi:type="gmd:PT_FreeText_PropertyType">
        <gco:CharacterString>Government of Canada; Natural Resources Canada;  Surveyor General Branch; Cadastral Information Service</gco:CharacterString>
        <gmd:PT_FreeText>
          <gmd:textGroup>
            <gmd:LocalisedCharacterString locale="#fra">Gouvernement du Canada; Ressources naturelles Canada; Direction de l'arpenteur général; Service de l'information cadastrale</gmd:LocalisedCharacterString>
          </gmd:textGroup>
        </gmd:PT_FreeText>
      </gmd:organisationName>
      <gmd:contactInfo>
        <gmd:CI_Contact>
          <gmd:phone>
            <gmd:CI_Telephone>
              <gmd:voice xsi:type="gmd:PT_FreeText_PropertyType">
                <gco:CharacterString>voice; 1 (343) 2927728</gco:CharacterString>
                <gmd:PT_FreeText>
                  <gmd:textGroup>
                    <gmd:LocalisedCharacterString locale="#fra">voix; 1 (343) 2927728</gmd:LocalisedCharacterString>
                  </gmd:textGroup>
                </gmd:PT_FreeText>
              </gmd:voice>
            </gmd:CI_Telephone>
          </gmd:phone>
          <gmd:address>
            <gmd:CI_Address>
              <gmd:deliveryPoint xsi:type="gmd:PT_FreeText_PropertyType">
                <gco:CharacterString>physical; 588; Booth Street; 3;</gco:CharacterString>
                <gmd:PT_FreeText>
                  <gmd:textGroup>
                    <gmd:LocalisedCharacterString locale="#fra">physique; 588; rue Booth; 3;</gmd:LocalisedCharacterString>
                  </gmd:textGroup>
                </gmd:PT_FreeText>
              </gmd:deliveryPoint>
              <gmd:city xsi:type="gmd:PT_FreeText_PropertyType">
                <gco:CharacterString>Ottawa</gco:CharacterString>
                <gmd:PT_FreeText>
                  <gmd:textGroup>
                    <gmd:LocalisedCharacterString locale="#fra">Ottawa</gmd:LocalisedCharacterString>
                  </gmd:textGroup>
                </gmd:PT_FreeText>
              </gmd:city>
              <gmd:administrativeArea xsi:type="gmd:PT_FreeText_PropertyType">
                <gco:CharacterString>Ontario</gco:CharacterString>
                <gmd:PT_FreeText>
                  <gmd:textGroup>
                    <gmd:LocalisedCharacterString locale="#fra">Ontario</gmd:LocalisedCharacterString>
                  </gmd:textGroup>
                </gmd:PT_FreeText>
              </gmd:administrativeArea>
              <gmd:postalCode>
                <gco:CharacterString>K1A 0Y7</gco:CharacterString>
              </gmd:postalCode>
              <gmd:country xsi:type="gmd:PT_FreeText_PropertyType">
                <gco:CharacterString>Canada</gco:CharacterString>
                <gmd:PT_FreeText>
                  <gmd:textGroup>
                    <gmd:LocalisedCharacterString locale="#fra">Canada</gmd:LocalisedCharacterString>
                  </gmd:textGroup>
                </gmd:PT_FreeText>
              </gmd:country>
              <gmd:electronicMailAddress xsi:type="gmd:PT_FreeText_PropertyType">
                <gco:CharacterString>nrcan.clss-satc.rncan@canada.ca</gco:CharacterString>
                <gmd:PT_FreeText>
                  <gmd:textGroup>
                    <gmd:LocalisedCharacterString locale="#fra">nrcan.clss-satc.rncan@canada.ca</gmd:LocalisedCharacterString>
                  </gmd:textGroup>
                </gmd:PT_FreeText>
              </gmd:electronicMailAddress>
            </gmd:CI_Address>
          </gmd:address>
        </gmd:CI_Contact>
      </gmd:contactInfo>
      <gmd:role>
        <gmd:CI_RoleCode codeList="http://nap.geogratis.gc.ca/metadata/register/napMetadataRegister.xml#IC_90" codeListValue="RI_410">owner; propriétaire</gmd:CI_RoleCode>
      </gmd:role>
    </gmd:CI_ResponsibleParty>
  </gmd:contact>
  <gmd:dateStamp>
    <gco:Date>2023-08-18</gco:Date>
  </gmd:dateStamp>
  <gmd:metadataStandardName xsi:type="gmd:PT_FreeText_PropertyType">
    <gco:CharacterString>North American Profile of ISO 19115:2003 - Geographic information - Metadata</gco:CharacterString>
    <gmd:PT_FreeText>
      <gmd:textGroup>
        <gmd:LocalisedCharacterString locale="#fra">Profil nord-américain de la norme ISO 19115:2003 - Information géographique - Métadonnées</gmd:LocalisedCharacterString>
      </gmd:textGroup>
    </gmd:PT_FreeText>
  </gmd:metadataStandardName>
  <gmd:metadataStandardVersion>
    <gco:CharacterString>CAN/CGSB-171.100-2009</gco:CharacterString>
  </gmd:metadataStandardVersion>
  <gmd:dataSetURI xsi:type="gmd:PT_FreeText_PropertyType">
    <gco:CharacterString>http://geogratis.gc.ca/api/en/nrcan-rncan/ess-sst/ef60d323-8b11-5908-b06b-caafb197563d</gco:CharacterString>
    <gmd:PT_FreeText>
      <gmd:textGroup>
        <gmd:LocalisedCharacterString locale="#fra">http://geogratis.gc.ca/api/fr/nrcan-rncan/ess-sst/ef60d323-8b11-5908-b06b-caafb197563d</gmd:LocalisedCharacterString>
      </gmd:textGroup>
    </gmd:PT_FreeText>
  </gmd:dataSetURI>
  <gmd:locale>
    <gmd:PT_Locale id="fra">
      <gmd:languageCode>
        <gmd:LanguageCode codeList="http://nap.geogratis.gc.ca/metadata/register/napMetadataRegister.xml#IC_116" codeListValue="fra">Français; French</gmd:LanguageCode>
      </gmd:languageCode>
      <gmd:country>
        <gmd:Country codeList="http://nap.geogratis.gc.ca/metadata/register/napMetadataRegister.xml#IC_117" codeListValue="CAN">Canada; Canada</gmd:Country>
      </gmd:country>
      <gmd:characterEncoding>
        <gmd:MD_CharacterSetCode codeList="http://nap.geogratis.gc.ca/metadata/register/napMetadataRegister.xml#IC_95" codeListValue="RI_458">utf8; utf8</gmd:MD_CharacterSetCode>
      </gmd:characterEncoding>
    </gmd:PT_Locale>
  </gmd:locale>
  <gmd:referenceSystemInfo>
    <gmd:MD_ReferenceSystem>
      <gmd:referenceSystemIdentifier>
        <gmd:RS_Identifier>
          <gmd:authority>
            <gmd:CI_Citation>
              <gmd:title>
                <gco:CharacterString>EPSG Geodetic Parameter Dataset</gco:CharacterString>
              </gmd:title>
              <gmd:date>
                <gmd:CI_Date>
                  <gmd:date>
                    <gco:Date>2012-11-26</gco:Date>
                  </gmd:date>
                  <gmd:dateType>
                    <gmd:CI_DateTypeCode codeList="http://nap.geogratis.gc.ca/metadata/register/napMetadataRegister.xml#IC_87" codeListValue="RI_367">publication; publication</gmd:CI_DateTypeCode>
                  </gmd:dateType>
                </gmd:CI_Date>
              </gmd:date>
              <gmd:edition>
                <gco:CharacterString>8.3.4</gco:CharacterString>
              </gmd:edition>
              <gmd:citedResponsibleParty>
                <gmd:CI_ResponsibleParty>
                  <gmd:organisationName xsi:type="gmd:PT_FreeText_PropertyType">
                    <gco:CharacterString>OGP Geomatics Committee</gco:CharacterString>
                    <gmd:PT_FreeText>
                      <gmd:textGroup>
                        <gmd:LocalisedCharacterString locale="#fra">OGP Geomatics Committee</gmd:LocalisedCharacterString>
                      </gmd:textGroup>
                    </gmd:PT_FreeText>
                  </gmd:organisationName>
                  <gmd:contactInfo>
                    <gmd:CI_Contact>
                      <gmd:onlineResource>
                        <gmd:CI_OnlineResource>
                          <gmd:linkage>
                            <gmd:URL>http://www.epsg.org/</gmd:URL>
                          </gmd:linkage>
                          <gmd:protocol>
                            <gco:CharacterString>http</gco:CharacterString>
                          </gmd:protocol>
                        </gmd:CI_OnlineResource>
                      </gmd:onlineResource>
                    </gmd:CI_Contact>
                  </gmd:contactInfo>
                  <gmd:role>
                    <gmd:CI_RoleCode codeList="http://nap.geogratis.gc.ca/metadata/register/napMetadataRegister.xml#IC_90" codeListValue="RI_408">resourceProvider; fournisseurRessource</gmd:CI_RoleCode>
                  </gmd:role>
                </gmd:CI_ResponsibleParty>
              </gmd:citedResponsibleParty>
            </gmd:CI_Citation>
          </gmd:authority>
          <gmd:code xsi:type="gmd:PT_FreeText_PropertyType">
            <gco:CharacterString>EPSG:4617 (NAD83 (CSRS) Geographic 2D - NAD83 CSRS)</gco:CharacterString>
            <gmd:PT_FreeText>
              <gmd:textGroup>
                <gmd:LocalisedCharacterString locale="#fra">EPSG:4617 (NAD83 (SRSC)  Géographique 2D - NAD83 SCRS)</gmd:LocalisedCharacterString>
              </gmd:textGroup>
            </gmd:PT_FreeText>
          </gmd:code>
        </gmd:RS_Identifier>
      </gmd:referenceSystemIdentifier>
    </gmd:MD_ReferenceSystem>
  </gmd:referenceSystemInfo>
  <gmd:identificationInfo>
    <gmd:MD_DataIdentification>
      <gmd:citation>
        <gmd:CI_Citation>
          <gmd:title xsi:type="gmd:PT_FreeText_PropertyType">
            <gco:CharacterString>National Framework Canada Lands Administrative Boundaries Level 1 - Yukon</gco:CharacterString>
            <gmd:PT_FreeText>
              <gmd:textGroup>
                <gmd:LocalisedCharacterString locale="#fra">Cadre national Limites administratives des Terres du Canada Niveau 1 - Yukon</gmd:LocalisedCharacterString>
              </gmd:textGroup>
            </gmd:PT_FreeText>
          </gmd:title>
          <gmd:date>
            <gmd:CI_Date>
              <gmd:date>
                <gco:Date>2019-08-08</gco:Date>
              </gmd:date>
              <gmd:dateType>
                <gmd:CI_DateTypeCode codeList="http://nap.geogratis.gc.ca/metadata/register/napMetadataRegister.xml#IC_87" codeListValue="RI_367">publication; publication</gmd:CI_DateTypeCode>
              </gmd:dateType>
            </gmd:CI_Date>
          </gmd:date>
          <gmd:date>
            <gmd:CI_Date>
              <gmd:date>
                <gco:Date>2023-08-18</gco:Date>
              </gmd:date>
              <gmd:dateType>
                <gmd:CI_DateTypeCode codeList="http://nap.geogratis.gc.ca/metadata/register/napMetadataRegister.xml#IC_87" codeListValue="RI_366">creation; création</gmd:CI_DateTypeCode>
              </gmd:dateType>
            </gmd:CI_Date>
          </gmd:date>
          <gmd:citedResponsibleParty>
            <gmd:CI_ResponsibleParty>
              <gmd:organisationName xsi:type="gmd:PT_FreeText_PropertyType">
                <gco:CharacterString>Government of Canada; Natural Resources Canada; Surveyor General Branch</gco:CharacterString>
                <gmd:PT_FreeText>
                  <gmd:textGroup>
                    <gmd:LocalisedCharacterString locale="#fra">Gouvernement du Canada; Ressources naturelles Canada; Direction de l'arpenteur général</gmd:LocalisedCharacterString>
                  </gmd:textGroup>
                </gmd:PT_FreeText>
              </gmd:organisationName>
              <gmd:contactInfo>
                <gmd:CI_Contact>
                  <gmd:address>
                    <gmd:CI_Address>
                      <gmd:deliveryPoint xsi:type="gmd:PT_FreeText_PropertyType">
                        <gco:CharacterString>physical; 588; Booth Street; 2;</gco:CharacterString>
                        <gmd:PT_FreeText>
                          <gmd:textGroup>
                            <gmd:LocalisedCharacterString locale="#fra">physique; 588; rue Booth; 2;</gmd:LocalisedCharacterString>
                          </gmd:textGroup>
                        </gmd:PT_FreeText>
                      </gmd:deliveryPoint>
                      <gmd:city xsi:type="gmd:PT_FreeText_PropertyType">
                        <gco:CharacterString>Ottawa</gco:CharacterString>
                        <gmd:PT_FreeText>
                          <gmd:textGroup>
                            <gmd:LocalisedCharacterString locale="#fra">Ottawa</gmd:LocalisedCharacterString>
                          </gmd:textGroup>
                        </gmd:PT_FreeText>
                      </gmd:city>
                      <gmd:administrativeArea xsi:type="gmd:PT_FreeText_PropertyType">
                        <gco:CharacterString>Ontario</gco:CharacterString>
                        <gmd:PT_FreeText>
                          <gmd:textGroup>
                            <gmd:LocalisedCharacterString locale="#fra">Ontario</gmd:LocalisedCharacterString>
                          </gmd:textGroup>
                        </gmd:PT_FreeText>
                      </gmd:administrativeArea>
                      <gmd:postalCode>
                        <gco:CharacterString>K1A 0Y7</gco:CharacterString>
                      </gmd:postalCode>
                      <gmd:country xsi:type="gmd:PT_FreeText_PropertyType">
                        <gco:CharacterString>Canada</gco:CharacterString>
                        <gmd:PT_FreeText>
                          <gmd:textGroup>
                            <gmd:LocalisedCharacterString locale="#fra">Canada</gmd:LocalisedCharacterString>
                          </gmd:textGroup>
                        </gmd:PT_FreeText>
                      </gmd:country>
                      <gmd:electronicMailAddress xsi:type="gmd:PT_FreeText_PropertyType">
                        <gco:CharacterString>clss-satc@nrcan-rncan.gc.ca</gco:CharacterString>
                        <gmd:PT_FreeText>
                          <gmd:textGroup>
                            <gmd:LocalisedCharacterString locale="#fra">clss-satc@nrcan-rncan.gc.ca</gmd:LocalisedCharacterString>
                          </gmd:textGroup>
                        </gmd:PT_FreeText>
                      </gmd:electronicMailAddress>
                    </gmd:CI_Address>
                  </gmd:address>
                </gmd:CI_Contact>
              </gmd:contactInfo>
              <gmd:role>
                <gmd:CI_RoleCode codeList="http://nap.geogratis.gc.ca/metadata/register/napMetadataRegister.xml#IC_90" codeListValue="RI_418">author; auteur</gmd:CI_RoleCode>
              </gmd:role>
            </gmd:CI_ResponsibleParty>
          </gmd:citedResponsibleParty>
          <gmd:presentationForm>
            <gmd:CI_PresentationFormCode codeList="http://nap.geogratis.gc.ca/metadata/register/napMetadataRegister.xml#IC_89" codeListValue="RI_391">mapDigital; carteNumérique</gmd:CI_PresentationFormCode>
          </gmd:presentationForm>
          <gmd:series>
            <gmd:CI_Series>
              <gmd:name xsi:type="gmd:PT_FreeText_PropertyType">
                <gco:CharacterString>National Framework Canada Lands Administrative Boundaries, Level 1</gco:CharacterString>
                <gmd:PT_FreeText>
                  <gmd:textGroup>
                    <gmd:LocalisedCharacterString locale="#fra">Cadre national des limites administratives des terres du Canada, niveau 1</gmd:LocalisedCharacterString>
                  </gmd:textGroup>
                </gmd:PT_FreeText>
              </gmd:name>
            </gmd:CI_Series>
          </gmd:series>
        </gmd:CI_Citation>
      </gmd:citation>
      <gmd:abstract xsi:type="gmd:PT_FreeText_PropertyType">
        <gco:CharacterString>Provide the administrative boundaries (exterior limits) of Canada Lands which includes National Parks, National Park Reserves, National Marine Conservation Areas and Aboriginal Land Claims Settlement Areas. More specific information related to each administrative boundary can be found in the Entity and Attribute section. Administrative boundaries were compiled from Surveyor General Branch's cadastral datasets and survey records archived in the Canada Lands Survey Records.</gco:CharacterString>
        <gmd:PT_FreeText>
          <gmd:textGroup>
            <gmd:LocalisedCharacterString locale="#fra">Fournir les limites administratives (limites extérieures) des terres du Canada incluant les étendues des parcs nationaux, des réserves de parcs nationaux et des aires marines nationales de conservation ainsi que les zones de règlement des revendications territoriales des autochtones. Des renseignements plus précis concernant chacune de ces limites administratives sont fournis à la section sur les entités et les attributs. Les limites administratives ont été compilées d'après les jeux de données cadastrales de la Direction de l'arpenteur général et les registres d'arpentage conservés aux Archives d'arpentage des terres du Canada.</gmd:LocalisedCharacterString>
          </gmd:textGroup>
        </gmd:PT_FreeText>
      </gmd:abstract>
      <gmd:purpose xsi:type="gmd:PT_FreeText_PropertyType">
        <gco:CharacterString>Provide a national coverage of the administrative boundaries as described in the abstract above and promote the use of a common geometric representation of the administrative boundaries of Canada Lands. This data set is not to be used for defining boundaries. Administrative decisions should be based on legal documents and legal survey plans.</gco:CharacterString>
        <gmd:PT_FreeText>
          <gmd:textGroup>
            <gmd:LocalisedCharacterString locale="#fra">Fournir une couverture nationale des limites administratives décrites dans le résumé et favoriser l'utilisation d'une représentation géométrique commune des limites administratives des terres du Canada. Ce jeu de données ne doit pas être utilisé pour la définition des limites. Les décisions administratives devraient être basées sur les documents juridiques et les plans d'arpentage officiels.</gmd:LocalisedCharacterString>
          </gmd:textGroup>
        </gmd:PT_FreeText>
      </gmd:purpose>
      <gmd:status>
        <gmd:MD_ProgressCode codeList="http://nap.geogratis.gc.ca/metadata/register/napMetadataRegister.xml#IC_106" codeListValue="RI_596">onGoing; enContinue</gmd:MD_ProgressCode>
      </gmd:status>
      <gmd:pointOfContact>
        <gmd:CI_ResponsibleParty>
          <gmd:organisationName xsi:type="gmd:PT_FreeText_PropertyType">
            <gco:CharacterString>Government of Canada; Natural Resources Canada;  Surveyor General Branch; Cadastral Information Service</gco:CharacterString>
            <gmd:PT_FreeText>
              <gmd:textGroup>
                <gmd:LocalisedCharacterString locale="#fra">Gouvernement du Canada; Ressources naturelles Canada; Direction de l'arpenteur général; Service de l'information cadastrale</gmd:LocalisedCharacterString>
              </gmd:textGroup>
            </gmd:PT_FreeText>
          </gmd:organisationName>
          <gmd:contactInfo>
            <gmd:CI_Contact>
              <gmd:phone>
                <gmd:CI_Telephone>
                  <gmd:voice xsi:type="gmd:PT_FreeText_PropertyType">
                    <gco:CharacterString>voice; 1 (343) 2927728</gco:CharacterString>
                    <gmd:PT_FreeText>
                      <gmd:textGroup>
                        <gmd:LocalisedCharacterString locale="#fra">voix; 1 (343) 2927728</gmd:LocalisedCharacterString>
                      </gmd:textGroup>
                    </gmd:PT_FreeText>
                  </gmd:voice>
                </gmd:CI_Telephone>
              </gmd:phone>
              <gmd:address>
                <gmd:CI_Address>
                  <gmd:deliveryPoint xsi:type="gmd:PT_FreeText_PropertyType">
                    <gco:CharacterString>physical; 588; Booth Street; 3;</gco:CharacterString>
                    <gmd:PT_FreeText>
                      <gmd:textGroup>
                        <gmd:LocalisedCharacterString locale="#fra">physique; 588; rue Booth; 3;</gmd:LocalisedCharacterString>
                      </gmd:textGroup>
                    </gmd:PT_FreeText>
                  </gmd:deliveryPoint>
                  <gmd:city xsi:type="gmd:PT_FreeText_PropertyType">
                    <gco:CharacterString>Ottawa</gco:CharacterString>
                    <gmd:PT_FreeText>
                      <gmd:textGroup>
                        <gmd:LocalisedCharacterString locale="#fra">Ottawa</gmd:LocalisedCharacterString>
                      </gmd:textGroup>
                    </gmd:PT_FreeText>
                  </gmd:city>
                  <gmd:administrativeArea xsi:type="gmd:PT_FreeText_PropertyType">
                    <gco:CharacterString>Ontario</gco:CharacterString>
                    <gmd:PT_FreeText>
                      <gmd:textGroup>
                        <gmd:LocalisedCharacterString locale="#fra">Ontario</gmd:LocalisedCharacterString>
                      </gmd:textGroup>
                    </gmd:PT_FreeText>
                  </gmd:administrativeArea>
                  <gmd:postalCode>
                    <gco:CharacterString>K1A 0Y7</gco:CharacterString>
                  </gmd:postalCode>
                  <gmd:country xsi:type="gmd:PT_FreeText_PropertyType">
                    <gco:CharacterString>Canada</gco:CharacterString>
                    <gmd:PT_FreeText>
                      <gmd:textGroup>
                        <gmd:LocalisedCharacterString locale="#fra">Canada</gmd:LocalisedCharacterString>
                      </gmd:textGroup>
                    </gmd:PT_FreeText>
                  </gmd:country>
                  <gmd:electronicMailAddress xsi:type="gmd:PT_FreeText_PropertyType">
                    <gco:CharacterString>nrcan.clss-satc.rncan@canada.ca</gco:CharacterString>
                    <gmd:PT_FreeText>
                      <gmd:textGroup>
                        <gmd:LocalisedCharacterString locale="#fra">nrcan.clss-satc.rncan@canada.ca</gmd:LocalisedCharacterString>
                      </gmd:textGroup>
                    </gmd:PT_FreeText>
                  </gmd:electronicMailAddress>
                </gmd:CI_Address>
              </gmd:address>
            </gmd:CI_Contact>
          </gmd:contactInfo>
          <gmd:role>
            <gmd:CI_RoleCode codeList="http://nap.geogratis.gc.ca/metadata/register/napMetadataRegister.xml#IC_90" codeListValue="RI_414">pointOfContact; contact</gmd:CI_RoleCode>
          </gmd:role>
        </gmd:CI_ResponsibleParty>
      </gmd:pointOfContact>
      <gmd:resourceMaintenance>
        <gmd:MD_MaintenanceInformation>
          <gmd:maintenanceAndUpdateFrequency>
            <gmd:MD_MaintenanceFrequencyCode codeList="http://nap.geogratis.gc.ca/metadata/register/napMetadataRegister.xml#IC_102" codeListValue="RI_536">monthly; mensuel</gmd:MD_MaintenanceFrequencyCode>
          </gmd:maintenanceAndUpdateFrequency>
        </gmd:MD_MaintenanceInformation>
      </gmd:resourceMaintenance>
      <gmd:graphicOverview>
        <gmd:MD_BrowseGraphic>
          <gmd:fileName xsi:type="gmd:PT_FreeText_PropertyType">
            <gco:CharacterString>https://clss.nrcan-rncan.gc.ca/data-donnees/GraphicOverviews-ApercusGraphiques/GO-AG-CLAB.jpg</gco:CharacterString>
            <gmd:PT_FreeText>
              <gmd:textGroup>
                <gmd:LocalisedCharacterString locale="#fra">http://satc.nrcan-rncan.gc.ca/data-donnees/GraphicOverviews-ApercusGraphiques/GO-AG-CLAB.jpg</gmd:LocalisedCharacterString>
              </gmd:textGroup>
            </gmd:PT_FreeText>
          </gmd:fileName>
          <gmd:fileDescription xsi:type="gmd:PT_FreeText_PropertyType">
            <gco:CharacterString>The browse graphic file illustrates an example of Canada Lands Administrative Boundary (CLAB) polygons.</gco:CharacterString>
            <gmd:PT_FreeText>
              <gmd:textGroup>
                <gmd:LocalisedCharacterString locale="#fra">Le fichier graphique de consultation présente un exemple de polygones des Limites administratives des terres du Canada (LATC).</gmd:LocalisedCharacterString>
              </gmd:textGroup>
            </gmd:PT_FreeText>
          </gmd:fileDescription>
          <gmd:fileType>
            <gco:CharacterString>jpg; jpg</gco:CharacterString>
          </gmd:fileType>
        </gmd:MD_BrowseGraphic>
      </gmd:graphicOverview>
      <gmd:descriptiveKeywords>
        <gmd:MD_Keywords>
          <gmd:keyword xsi:type="gmd:PT_FreeText_PropertyType">
            <gco:CharacterString>Settlement areas</gco:CharacterString>
            <gmd:PT_FreeText>
              <gmd:textGroup>
                <gmd:LocalisedCharacterString locale="#fra">Région visée par un règlement</gmd:LocalisedCharacterString>
              </gmd:textGroup>
            </gmd:PT_FreeText>
          </gmd:keyword>
          <gmd:type>
            <gmd:MD_KeywordTypeCode codeList="http://nap.geogratis.gc.ca/metadata/register/napMetadataRegister.xml#IC_101" codeListValue="RI_528">theme; thème</gmd:MD_KeywordTypeCode>
          </gmd:type>
          <gmd:thesaurusName>
            <gmd:CI_Citation>
              <gmd:title xsi:type="gmd:PT_FreeText_PropertyType">
                <gco:CharacterString>Aboriginal Affairs and Northern Development Subject Thesaurus</gco:CharacterString>
                <gmd:PT_FreeText>
                  <gmd:textGroup>
                    <gmd:LocalisedCharacterString locale="#fra">Thésaurus des sujets d'Affaires autochtones et Développement du Nord Canada</gmd:LocalisedCharacterString>
                  </gmd:textGroup>
                </gmd:PT_FreeText>
              </gmd:title>
              <gmd:date>
                <gmd:CI_Date>
                  <gmd:date>
                    <gco:Date>2012-12-05</gco:Date>
                  </gmd:date>
                  <gmd:dateType>
                    <gmd:CI_DateTypeCode codeList="http://nap.geogratis.gc.ca/metadata/register/napMetadataRegister.xml#IC_87" codeListValue="RI_367">publication; publication</gmd:CI_DateTypeCode>
                  </gmd:dateType>
                </gmd:CI_Date>
              </gmd:date>
              <gmd:date>
                <gmd:CI_Date>
                  <gmd:date>
                    <gco:Date>2012-12-05</gco:Date>
                  </gmd:date>
                  <gmd:dateType>
                    <gmd:CI_DateTypeCode codeList="http://nap.geogratis.gc.ca/metadata/register/napMetadataRegister.xml#IC_87" codeListValue="RI_366">creation; création</gmd:CI_DateTypeCode>
                  </gmd:dateType>
                </gmd:CI_Date>
              </gmd:date>
              <gmd:edition>
                <gco:CharacterString>1.0</gco:CharacterString>
              </gmd:edition>
              <gmd:citedResponsibleParty>
                <gmd:CI_ResponsibleParty>
                  <gmd:organisationName xsi:type="gmd:PT_FreeText_PropertyType">
                    <gco:CharacterString>Aboriginal Affairs and Northern Development Canada</gco:CharacterString>
                    <gmd:PT_FreeText>
                      <gmd:textGroup>
                        <gmd:LocalisedCharacterString locale="#fra">Affaires autochtones et Développement du Nord Canada</gmd:LocalisedCharacterString>
                      </gmd:textGroup>
                    </gmd:PT_FreeText>
                  </gmd:organisationName>
                  <gmd:contactInfo>
                    <gmd:CI_Contact>
                      <gmd:onlineResource>
                        <gmd:CI_OnlineResource>
                          <gmd:linkage>
                            <gmd:URL>http://www.aandc-aadnc.gc.ca</gmd:URL>
                          </gmd:linkage>
                          <gmd:protocol>
                            <gco:CharacterString>http</gco:CharacterString>
                          </gmd:protocol>
                        </gmd:CI_OnlineResource>
                      </gmd:onlineResource>
                    </gmd:CI_Contact>
                  </gmd:contactInfo>
                  <gmd:role>
                    <gmd:CI_RoleCode codeList="http://nap.geogratis.gc.ca/metadata/register/napMetadataRegister.xml#IC_90" codeListValue="RI_409">custodian; conservateur</gmd:CI_RoleCode>
                  </gmd:role>
                </gmd:CI_ResponsibleParty>
              </gmd:citedResponsibleParty>
            </gmd:CI_Citation>
          </gmd:thesaurusName>
        </gmd:MD_Keywords>
      </gmd:descriptiveKeywords>
      <gmd:descriptiveKeywords>
        <gmd:MD_Keywords>
          <gmd:keyword xsi:type="gmd:PT_FreeText_PropertyType">
            <gco:CharacterString>National parks</gco:CharacterString>
            <gmd:PT_FreeText>
              <gmd:textGroup>
                <gmd:LocalisedCharacterString locale="#fra">Parc national</gmd:LocalisedCharacterString>
              </gmd:textGroup>
            </gmd:PT_FreeText>
          </gmd:keyword>
          <gmd:keyword xsi:type="gmd:PT_FreeText_PropertyType">
            <gco:CharacterString>Boundaries</gco:CharacterString>
            <gmd:PT_FreeText>
              <gmd:textGroup>
                <gmd:LocalisedCharacterString locale="#fra">Frontière</gmd:LocalisedCharacterString>
              </gmd:textGroup>
            </gmd:PT_FreeText>
          </gmd:keyword>
          <gmd:type>
            <gmd:MD_KeywordTypeCode codeList="http://nap.geogratis.gc.ca/metadata/register/napMetadataRegister.xml#IC_101" codeListValue="RI_528">theme; thème</gmd:MD_KeywordTypeCode>
          </gmd:type>
          <gmd:thesaurusName>
            <gmd:CI_Citation>
              <gmd:title xsi:type="gmd:PT_FreeText_PropertyType">
                <gco:CharacterString>Government of Canada Core Subject Thesaurus</gco:CharacterString>
                <gmd:PT_FreeText>
                  <gmd:textGroup>
                    <gmd:LocalisedCharacterString locale="#fra">Thésaurus des sujets de base du gouvernement du Canada</gmd:LocalisedCharacterString>
                  </gmd:textGroup>
                </gmd:PT_FreeText>
              </gmd:title>
              <gmd:date>
                <gmd:CI_Date>
                  <gmd:date>
                    <gco:Date>2013-05-10</gco:Date>
                  </gmd:date>
                  <gmd:dateType>
                    <gmd:CI_DateTypeCode codeList="http://nap.geogratis.gc.ca/metadata/register/napMetadataRegister.xml#IC_87" codeListValue="RI_367">publication; publication</gmd:CI_DateTypeCode>
                  </gmd:dateType>
                </gmd:CI_Date>
              </gmd:date>
              <gmd:date>
                <gmd:CI_Date>
                  <gmd:date>
                    <gco:Date>2013-05-10</gco:Date>
                  </gmd:date>
                  <gmd:dateType>
                    <gmd:CI_DateTypeCode codeList="http://nap.geogratis.gc.ca/metadata/register/napMetadataRegister.xml#IC_87" codeListValue="RI_366">creation; création</gmd:CI_DateTypeCode>
                  </gmd:dateType>
                </gmd:CI_Date>
              </gmd:date>
              <gmd:citedResponsibleParty>
                <gmd:CI_ResponsibleParty>
                  <gmd:organisationName xsi:type="gmd:PT_FreeText_PropertyType">
                    <gco:CharacterString>Library and Archives Canada</gco:CharacterString>
                    <gmd:PT_FreeText>
                      <gmd:textGroup>
                        <gmd:LocalisedCharacterString locale="#fra">Bibliothèque et Archives Canada</gmd:LocalisedCharacterString>
                      </gmd:textGroup>
                    </gmd:PT_FreeText>
                  </gmd:organisationName>
                  <gmd:contactInfo>
                    <gmd:CI_Contact>
                      <gmd:onlineResource>
                        <gmd:CI_OnlineResource>
                          <gmd:linkage>
                            <gmd:URL>http://www.thesaurus.gc.ca/</gmd:URL>
                          </gmd:linkage>
                          <gmd:protocol>
                            <gco:CharacterString>http</gco:CharacterString>
                          </gmd:protocol>
                        </gmd:CI_OnlineResource>
                      </gmd:onlineResource>
                    </gmd:CI_Contact>
                  </gmd:contactInfo>
                  <gmd:role>
                    <gmd:CI_RoleCode codeList="http://nap.geogratis.gc.ca/metadata/register/napMetadataRegister.xml#IC_90" codeListValue="RI_409">custodian; conservateur</gmd:CI_RoleCode>
                  </gmd:role>
                </gmd:CI_ResponsibleParty>
              </gmd:citedResponsibleParty>
            </gmd:CI_Citation>
          </gmd:thesaurusName>
        </gmd:MD_Keywords>
      </gmd:descriptiveKeywords>
      <gmd:descriptiveKeywords>
        <gmd:MD_Keywords>
          <gmd:keyword xsi:type="gmd:PT_FreeText_PropertyType">
            <gco:CharacterString>Canada Lands</gco:CharacterString>
            <gmd:PT_FreeText>
              <gmd:textGroup>
                <gmd:LocalisedCharacterString locale="#fra">Terres du Canada</gmd:LocalisedCharacterString>
              </gmd:textGroup>
            </gmd:PT_FreeText>
          </gmd:keyword>
          <gmd:type>
            <gmd:MD_KeywordTypeCode codeList="http://nap.geogratis.gc.ca/metadata/register/napMetadataRegister.xml#IC_101" codeListValue="RI_528">theme; thème</gmd:MD_KeywordTypeCode>
          </gmd:type>
          <gmd:thesaurusName>
            <gmd:CI_Citation>
              <gmd:title xsi:type="gmd:PT_FreeText_PropertyType">
                <gco:CharacterString>General Instructions for Surveys, Appendix E1 - GLOSSARY</gco:CharacterString>
                <gmd:PT_FreeText>
                  <gmd:textGroup>
                    <gmd:LocalisedCharacterString locale="#fra">Instructions générales pour les arpentages, Appendice E1 - GLOSSAIRE</gmd:LocalisedCharacterString>
                  </gmd:textGroup>
                </gmd:PT_FreeText>
              </gmd:title>
              <gmd:date>
                <gmd:CI_Date>
                  <gmd:date>
                    <gco:Date>2008-04-01</gco:Date>
                  </gmd:date>
                  <gmd:dateType>
                    <gmd:CI_DateTypeCode codeList="http://nap.geogratis.gc.ca/metadata/register/napMetadataRegister.xml#IC_87" codeListValue="RI_367">publication; publication</gmd:CI_DateTypeCode>
                  </gmd:dateType>
                </gmd:CI_Date>
              </gmd:date>
              <gmd:date>
                <gmd:CI_Date>
                  <gmd:date>
                    <gco:Date>2008-04-01</gco:Date>
                  </gmd:date>
                  <gmd:dateType>
                    <gmd:CI_DateTypeCode codeList="http://nap.geogratis.gc.ca/metadata/register/napMetadataRegister.xml#IC_87" codeListValue="RI_366">creation; création</gmd:CI_DateTypeCode>
                  </gmd:dateType>
                </gmd:CI_Date>
              </gmd:date>
              <gmd:citedResponsibleParty>
                <gmd:CI_ResponsibleParty>
                  <gmd:organisationName xsi:type="gmd:PT_FreeText_PropertyType">
                    <gco:CharacterString>Natural Resources Canada, Surveyor General Branch</gco:CharacterString>
                    <gmd:PT_FreeText>
                      <gmd:textGroup>
                        <gmd:LocalisedCharacterString locale="#fra">Ressources naturelles Canada, Direction de l'arpenteur général</gmd:LocalisedCharacterString>
                      </gmd:textGroup>
                    </gmd:PT_FreeText>
                  </gmd:organisationName>
                  <gmd:contactInfo>
                    <gmd:CI_Contact>
                      <gmd:onlineResource>
                        <gmd:CI_OnlineResource>
                          <gmd:linkage>
                            <gmd:URL>http://www.nrcan.gc.ca/clss</gmd:URL>
                          </gmd:linkage>
                          <gmd:protocol>
                            <gco:CharacterString>http</gco:CharacterString>
                          </gmd:protocol>
                        </gmd:CI_OnlineResource>
                      </gmd:onlineResource>
                    </gmd:CI_Contact>
                  </gmd:contactInfo>
                  <gmd:role>
                    <gmd:CI_RoleCode codeList="http://nap.geogratis.gc.ca/metadata/register/napMetadataRegister.xml#IC_90" codeListValue="RI_409">custodian; conservateur</gmd:CI_RoleCode>
                  </gmd:role>
                </gmd:CI_ResponsibleParty>
              </gmd:citedResponsibleParty>
            </gmd:CI_Citation>
          </gmd:thesaurusName>
        </gmd:MD_Keywords>
      </gmd:descriptiveKeywords>
      <gmd:descriptiveKeywords>
        <gmd:MD_Keywords>
          <gmd:keyword xsi:type="gmd:PT_FreeText_PropertyType">
            <gco:CharacterString>Yukon</gco:CharacterString>
            <gmd:PT_FreeText>
              <gmd:textGroup>
                <gmd:LocalisedCharacterString locale="#fra">Yukon</gmd:LocalisedCharacterString>
              </gmd:textGroup>
            </gmd:PT_FreeText>
          </gmd:keyword>
          <gmd:type>
            <gmd:MD_KeywordTypeCode codeList="http://nap.geogratis.gc.ca/metadata/register/napMetadataRegister.xml#IC_101" codeListValue="RI_525">place; endroit</gmd:MD_KeywordTypeCode>
          </gmd:type>
        </gmd:MD_Keywords>
      </gmd:descriptiveKeywords>
      <gmd:resourceConstraints>
        <gmd:MD_LegalConstraints>
          <gmd:useLimitation xsi:type="gmd:PT_FreeText_PropertyType">
            <gco:CharacterString>Use of this information is subject to the OPEN GOVERNMENT LICENCE - CANADA (https://open.canada.ca/en/open-government-licence-canada).  In addition, this data set is not to be used for defining boundaries. Administrative decisions should be based on legal documents and legal survey plans.</gco:CharacterString>
            <gmd:PT_FreeText>
              <gmd:textGroup>
                <gmd:LocalisedCharacterString locale="#fra">L'utilisation de cette information est sujette à la LICENCE DU GOUVERNEMENT OUVERT – CANADA (https://ouvert.canada.ca/fr/licence-du-gouvernement-ouvert-canada).  En outre, ce jeu de données ne doit pas être utilisé pour définir les limites. Les décisions administratives doivent être fondées sur les documents et les plans d'arpentage légaux.</gmd:LocalisedCharacterString>
              </gmd:textGroup>
            </gmd:PT_FreeText>
          </gmd:useLimitation>
          <gmd:accessConstraints>
            <gmd:MD_RestrictionCode codeList="http://nap.geogratis.gc.ca/metadata/register/napMetadataRegister.xml#IC_107" codeListValue="RI_606">license; licence</gmd:MD_RestrictionCode>
          </gmd:accessConstraints>
          <gmd:useConstraints>
            <gmd:MD_RestrictionCode codeList="http://nap.geogratis.gc.ca/metadata/register/napMetadataRegister.xml#IC_107" codeListValue="RI_606">license; licence</gmd:MD_RestrictionCode>
          </gmd:useConstraints>
        </gmd:MD_LegalConstraints>
      </gmd:resourceConstraints>
      <gmd:resourceConstraints>
        <gmd:MD_LegalConstraints>
          <gmd:useConstraints>
            <gmd:MD_RestrictionCode codeList="http://nap.geogratis.gc.ca/metadata/register/napMetadataRegister.xml#IC_107" codeListValue="RI_609">otherRestrictions; autresRestrictions</gmd:MD_RestrictionCode>
          </gmd:useConstraints>
          <gmd:otherConstraints xsi:type="gmd:PT_FreeText_PropertyType">
            <gco:CharacterString>© Department of Natural Resources Canada. All rights reserved.</gco:CharacterString>
            <gmd:PT_FreeText>
              <gmd:textGroup>
                <gmd:LocalisedCharacterString locale="#fra">© Le ministère des Ressources naturelles Canada. Tous droits réservés.</gmd:LocalisedCharacterString>
              </gmd:textGroup>
            </gmd:PT_FreeText>
          </gmd:otherConstraints>
        </gmd:MD_LegalConstraints>
      </gmd:resourceConstraints>
      <gmd:spatialRepresentationType>
        <gmd:MD_SpatialRepresentationTypeCode codeList="http://nap.geogratis.gc.ca/metadata/register/napMetadataRegister.xml#IC_109" codeListValue="RI_635">vector; vecteur</gmd:MD_SpatialRepresentationTypeCode>
      </gmd:spatialRepresentationType>
      <gmd:language>
        <gco:CharacterString>eng; CAN</gco:CharacterString>
      </gmd:language>
      <gmd:topicCategory>
        <gmd:MD_TopicCategoryCode>boundaries</gmd:MD_TopicCategoryCode>
      </gmd:topicCategory>
      <gmd:extent>
        <gmd:EX_Extent>
          <gmd:geographicElement>
            <gmd:EX_GeographicBoundingBox>
              <gmd:extentTypeCode>
                <gco:Boolean>1</gco:Boolean>
              </gmd:extentTypeCode>
              <gmd:westBoundLongitude>
                <gco:Decimal>-141.0019800000</gco:Decimal>
              </gmd:westBoundLongitude>
              <gmd:eastBoundLongitude>
                <gco:Decimal>-123.8102290000</gco:Decimal>
              </gmd:eastBoundLongitude>
              <gmd:southBoundLatitude>
                <gco:Decimal>59.9985423500</gco:Decimal>
              </gmd:southBoundLatitude>
              <gmd:northBoundLatitude>
                <gco:Decimal>69.6476889400</gco:Decimal>
              </gmd:northBoundLatitude>
            </gmd:EX_GeographicBoundingBox>
          </gmd:geographicElement>
        </gmd:EX_Extent>
      </gmd:extent>
    </gmd:MD_DataIdentification>
  </gmd:identificationInfo>
  <gmd:distributionInfo>
    <gmd:MD_Distribution>
      <gmd:distributionFormat>
        <gmd:MD_Format>
          <gmd:name xsi:type="gmd:PT_FreeText_PropertyType">
            <gco:CharacterString>SHP</gco:CharacterString>
            <gmd:PT_FreeText>
              <gmd:textGroup>
                <gmd:LocalisedCharacterString locale="#fra">SHP</gmd:LocalisedCharacterString>
              </gmd:textGroup>
            </gmd:PT_FreeText>
          </gmd:name>
          <gmd:version xsi:type="gmd:PT_FreeText_PropertyType">
            <gco:CharacterString>01</gco:CharacterString>
            <gmd:PT_FreeText>
              <gmd:textGroup>
                <gmd:LocalisedCharacterString locale="#fra">01</gmd:LocalisedCharacterString>
              </gmd:textGroup>
            </gmd:PT_FreeText>
          </gmd:version>
        </gmd:MD_Format>
      </gmd:distributionFormat>
      <gmd:distributionFormat>
        <gmd:MD_Format>
          <gmd:name />
          <gmd:version xsi:type="gmd:PT_FreeText_PropertyType">
            <gco:CharacterString>1.4</gco:CharacterString>
            <gmd:PT_FreeText>
              <gmd:textGroup>
                <gmd:LocalisedCharacterString locale="#fra">1.4</gmd:LocalisedCharacterString>
              </gmd:textGroup>
            </gmd:PT_FreeText>
          </gmd:version>
        </gmd:MD_Format>
      </gmd:distributionFormat>
      <gmd:distributionFormat>
        <gmd:MD_Format>
          <gmd:name />
          <gmd:version xsi:type="gmd:PT_FreeText_PropertyType">
            <gco:CharacterString>1.0</gco:CharacterString>
            <gmd:PT_FreeText>
              <gmd:textGroup>
                <gmd:LocalisedCharacterString locale="#fra">1.0</gmd:LocalisedCharacterString>
              </gmd:textGroup>
            </gmd:PT_FreeText>
          </gmd:version>
        </gmd:MD_Format>
      </gmd:distributionFormat>
      <gmd:distributor>
        <gmd:MD_Distributor>
          <gmd:distributorContact>
            <gmd:CI_ResponsibleParty>
              <gmd:organisationName xsi:type="gmd:PT_FreeText_PropertyType">
                <gco:CharacterString>Government of Canada; Natural Resources Canada;  Surveyor General Branch; Cadastral Information Service</gco:CharacterString>
                <gmd:PT_FreeText>
                  <gmd:textGroup>
                    <gmd:LocalisedCharacterString locale="#fra">Gouvernement du Canada; Ressources naturelles Canada; Direction de l'arpenteur général; Service de l'information cadastrale</gmd:LocalisedCharacterString>
                  </gmd:textGroup>
                </gmd:PT_FreeText>
              </gmd:organisationName>
              <gmd:contactInfo>
                <gmd:CI_Contact>
                  <gmd:phone>
                    <gmd:CI_Telephone>
                      <gmd:voice xsi:type="gmd:PT_FreeText_PropertyType">
                        <gco:CharacterString>voice; 1 (343) 2927728</gco:CharacterString>
                        <gmd:PT_FreeText>
                          <gmd:textGroup>
                            <gmd:LocalisedCharacterString locale="#fra">voix; 1 (343) 2927728</gmd:LocalisedCharacterString>
                          </gmd:textGroup>
                        </gmd:PT_FreeText>
                      </gmd:voice>
                    </gmd:CI_Telephone>
                  </gmd:phone>
                  <gmd:address>
                    <gmd:CI_Address>
                      <gmd:deliveryPoint xsi:type="gmd:PT_FreeText_PropertyType">
                        <gco:CharacterString>physical; 588; Booth Street; 3;</gco:CharacterString>
                        <gmd:PT_FreeText>
                          <gmd:textGroup>
                            <gmd:LocalisedCharacterString locale="#fra">physique; 588; rue Booth; 3;</gmd:LocalisedCharacterString>
                          </gmd:textGroup>
                        </gmd:PT_FreeText>
                      </gmd:deliveryPoint>
                      <gmd:city xsi:type="gmd:PT_FreeText_PropertyType">
                        <gco:CharacterString>Ottawa</gco:CharacterString>
                        <gmd:PT_FreeText>
                          <gmd:textGroup>
                            <gmd:LocalisedCharacterString locale="#fra">Ottawa</gmd:LocalisedCharacterString>
                          </gmd:textGroup>
                        </gmd:PT_FreeText>
                      </gmd:city>
                      <gmd:administrativeArea xsi:type="gmd:PT_FreeText_PropertyType">
                        <gco:CharacterString>Ontario</gco:CharacterString>
                        <gmd:PT_FreeText>
                          <gmd:textGroup>
                            <gmd:LocalisedCharacterString locale="#fra">Ontario</gmd:LocalisedCharacterString>
                          </gmd:textGroup>
                        </gmd:PT_FreeText>
                      </gmd:administrativeArea>
                      <gmd:postalCode>
                        <gco:CharacterString>K1A 0Y7</gco:CharacterString>
                      </gmd:postalCode>
                      <gmd:country xsi:type="gmd:PT_FreeText_PropertyType">
                        <gco:CharacterString>Canada</gco:CharacterString>
                        <gmd:PT_FreeText>
                          <gmd:textGroup>
                            <gmd:LocalisedCharacterString locale="#fra">Canada</gmd:LocalisedCharacterString>
                          </gmd:textGroup>
                        </gmd:PT_FreeText>
                      </gmd:country>
                      <gmd:electronicMailAddress xsi:type="gmd:PT_FreeText_PropertyType">
                        <gco:CharacterString>nrcan.clss-satc.rncan@canada.ca</gco:CharacterString>
                        <gmd:PT_FreeText>
                          <gmd:textGroup>
                            <gmd:LocalisedCharacterString locale="#fra">nrcan.clss-satc.rncan@canada.ca</gmd:LocalisedCharacterString>
                          </gmd:textGroup>
                        </gmd:PT_FreeText>
                      </gmd:electronicMailAddress>
                    </gmd:CI_Address>
                  </gmd:address>
                </gmd:CI_Contact>
              </gmd:contactInfo>
              <gmd:role>
                <gmd:CI_RoleCode codeList="http://nap.geogratis.gc.ca/metadata/register/napMetadataRegister.xml#IC_90" codeListValue="RI_412">distributor; distributeur</gmd:CI_RoleCode>
              </gmd:role>
            </gmd:CI_ResponsibleParty>
          </gmd:distributorContact>
          <gmd:distributionOrderProcess>
            <gmd:MD_StandardOrderProcess>
              <gmd:fees xsi:type="gmd:PT_FreeText_PropertyType">
                <gco:CharacterString>Free for download</gco:CharacterString>
                <gmd:PT_FreeText>
                  <gmd:textGroup>
                    <gmd:LocalisedCharacterString locale="#fra">Gratuit pour les télécharger</gmd:LocalisedCharacterString>
                  </gmd:textGroup>
                </gmd:PT_FreeText>
              </gmd:fees>
            </gmd:MD_StandardOrderProcess>
          </gmd:distributionOrderProcess>
        </gmd:MD_Distributor>
      </gmd:distributor>
      <gmd:transferOptions>
        <gmd:MD_DigitalTransferOptions>
          <gmd:transferSize>
            <gco:Real>1</gco:Real>
          </gmd:transferSize>
          <gmd:onLine>
            <gmd:CI_OnlineResource>
              <gmd:linkage>
                <gmd:URL>https://clss.nrcan-rncan.gc.ca/data-donnees/nplb_llpn/CLAB_YT.zip</gmd:URL>
              </gmd:linkage>
              <gmd:protocol>
                <gco:CharacterString>HTTPS</gco:CharacterString>
              </gmd:protocol>
              <gmd:name xsi:type="gmd:PT_FreeText_PropertyType">
                <gco:CharacterString>Download SHP (English) file through HTTPS</gco:CharacterString>
                <gmd:PT_FreeText>
                  <gmd:textGroup>
                    <gmd:LocalisedCharacterString locale="#fra">Téléchargez le fichier SHP (anglais) via HTTPS</gmd:LocalisedCharacterString>
                  </gmd:textGroup>
                </gmd:PT_FreeText>
              </gmd:name>
              <gmd:description xsi:type="gmd:PT_FreeText_PropertyType">
                <gco:CharacterString>Dataset;SHP;eng</gco:CharacterString>
                <gmd:PT_FreeText>
                  <gmd:textGroup>
                    <gmd:LocalisedCharacterString locale="#fra">Données;SHP;eng</gmd:LocalisedCharacterString>
                  </gmd:textGroup>
                </gmd:PT_FreeText>
              </gmd:description>
            </gmd:CI_OnlineResource>
          </gmd:onLine>
        </gmd:MD_DigitalTransferOptions>
      </gmd:transferOptions>
      <gmd:transferOptions>
        <gmd:MD_DigitalTransferOptions>
          <gmd:transferSize>
            <gco:Real>1</gco:Real>
          </gmd:transferSize>
          <gmd:onLine>
            <gmd:CI_OnlineResource>
              <gmd:linkage>
                <gmd:URL>https://clss.nrcan-rncan.gc.ca/data-donnees/nplb_llpn/CLAB_FeatureCatalogue_ISO19110_eng.pdf</gmd:URL>
              </gmd:linkage>
              <gmd:protocol>
                <gco:CharacterString>HTTPS</gco:CharacterString>
              </gmd:protocol>
              <gmd:name xsi:type="gmd:PT_FreeText_PropertyType">
                <gco:CharacterString>Download CLAB, Feature Catalogue through HTTPS</gco:CharacterString>
                <gmd:PT_FreeText>
                  <gmd:textGroup>
                    <gmd:LocalisedCharacterString locale="#fra">Téléchargez CLAB, Feature Catalogue via HTTPS</gmd:LocalisedCharacterString>
                  </gmd:textGroup>
                </gmd:PT_FreeText>
              </gmd:name>
              <gmd:description xsi:type="gmd:PT_FreeText_PropertyType">
                <gco:CharacterString>PDF</gco:CharacterString>
                <gmd:PT_FreeText>
                  <gmd:textGroup>
                    <gmd:LocalisedCharacterString locale="#fra">PDF</gmd:LocalisedCharacterString>
                  </gmd:textGroup>
                </gmd:PT_FreeText>
              </gmd:description>
            </gmd:CI_OnlineResource>
          </gmd:onLine>
        </gmd:MD_DigitalTransferOptions>
      </gmd:transferOptions>
      <gmd:transferOptions>
        <gmd:MD_DigitalTransferOptions>
          <gmd:transferSize>
            <gco:Real>1</gco:Real>
          </gmd:transferSize>
          <gmd:onLine>
            <gmd:CI_OnlineResource>
              <gmd:linkage>
                <gmd:URL>https://clss.nrcan-rncan.gc.ca/data-donnees/nplb_llpn/CLAB_FeatureCatalogue_ISO19110.xml</gmd:URL>
              </gmd:linkage>
              <gmd:protocol>
                <gco:CharacterString>HTTPS</gco:CharacterString>
              </gmd:protocol>
              <gmd:name xsi:type="gmd:PT_FreeText_PropertyType">
                <gco:CharacterString>Download CLAB, Feature Catalogue through HTTPS</gco:CharacterString>
                <gmd:PT_FreeText>
                  <gmd:textGroup>
                    <gmd:LocalisedCharacterString locale="#fra">Téléchargez CLAB, Feature Catalogue via HTTPS</gmd:LocalisedCharacterString>
                  </gmd:textGroup>
                </gmd:PT_FreeText>
              </gmd:name>
              <gmd:description xsi:type="gmd:PT_FreeText_PropertyType">
                <gco:CharacterString>XML</gco:CharacterString>
                <gmd:PT_FreeText>
                  <gmd:textGroup>
                    <gmd:LocalisedCharacterString locale="#fra">XML</gmd:LocalisedCharacterString>
                  </gmd:textGroup>
                </gmd:PT_FreeText>
              </gmd:description>
            </gmd:CI_OnlineResource>
          </gmd:onLine>
        </gmd:MD_DigitalTransferOptions>
      </gmd:transferOptions>
      <gmd:transferOptions>
        <gmd:MD_DigitalTransferOptions>
          <gmd:transferSize>
            <gco:Real>1</gco:Real>
          </gmd:transferSize>
          <gmd:onLine>
            <gmd:CI_OnlineResource>
              <gmd:linkage>
                <gmd:URL>https://clss.nrcan-rncan.gc.ca/data-donnees/nplb_llpn/LATC_CatalogueEntités_ISO19110_fra.pdf</gmd:URL>
              </gmd:linkage>
              <gmd:protocol>
                <gco:CharacterString>HTTPS</gco:CharacterString>
              </gmd:protocol>
              <gmd:name xsi:type="gmd:PT_FreeText_PropertyType">
                <gco:CharacterString>Download LATC, Catalogue d'entités through HTTPS</gco:CharacterString>
                <gmd:PT_FreeText>
                  <gmd:textGroup>
                    <gmd:LocalisedCharacterString locale="#fra">Téléchargez LATC, Catalogue d'entités via HTTPS</gmd:LocalisedCharacterString>
                  </gmd:textGroup>
                </gmd:PT_FreeText>
              </gmd:name>
              <gmd:description xsi:type="gmd:PT_FreeText_PropertyType">
                <gco:CharacterString>PDF</gco:CharacterString>
                <gmd:PT_FreeText>
                  <gmd:textGroup>
                    <gmd:LocalisedCharacterString locale="#fra">PDF</gmd:LocalisedCharacterString>
                  </gmd:textGroup>
                </gmd:PT_FreeText>
              </gmd:description>
            </gmd:CI_OnlineResource>
          </gmd:onLine>
        </gmd:MD_DigitalTransferOptions>
      </gmd:transferOptions>
      <gmd:transferOptions>
        <gmd:MD_DigitalTransferOptions>
          <gmd:transferSize>
            <gco:Real>1</gco:Real>
          </gmd:transferSize>
          <gmd:onLine>
            <gmd:CI_OnlineResource>
              <gmd:linkage>
                <gmd:URL>https://clss.nrcan-rncan.gc.ca/data-donnees/nplb_llpn/LATC_CatalogueEntités_ISO19110.xml</gmd:URL>
              </gmd:linkage>
              <gmd:protocol>
                <gco:CharacterString>HTTPS</gco:CharacterString>
              </gmd:protocol>
              <gmd:name xsi:type="gmd:PT_FreeText_PropertyType">
                <gco:CharacterString>Download LATC, Catalogue d'entités through HTTPS</gco:CharacterString>
                <gmd:PT_FreeText>
                  <gmd:textGroup>
                    <gmd:LocalisedCharacterString locale="#fra">Téléchargez LATC, Catalogue d'entités via HTTPS</gmd:LocalisedCharacterString>
                  </gmd:textGroup>
                </gmd:PT_FreeText>
              </gmd:name>
              <gmd:description xsi:type="gmd:PT_FreeText_PropertyType">
                <gco:CharacterString>XML</gco:CharacterString>
                <gmd:PT_FreeText>
                  <gmd:textGroup>
                    <gmd:LocalisedCharacterString locale="#fra">XML</gmd:LocalisedCharacterString>
                  </gmd:textGroup>
                </gmd:PT_FreeText>
              </gmd:description>
            </gmd:CI_OnlineResource>
          </gmd:onLine>
        </gmd:MD_DigitalTransferOptions>
      </gmd:transferOptions>
    </gmd:MD_Distribution>
  </gmd:distributionInfo>
  <gmd:dataQualityInfo>
    <gmd:DQ_DataQuality>
      <gmd:scope>
        <gmd:DQ_Scope>
          <gmd:level>
            <gmd:MD_ScopeCode codeList="http://nap.geogratis.gc.ca/metadata/register/napMetadataRegister.xml#IC_108" codeListValue="RI_622">dataset; jeuDonnées</gmd:MD_ScopeCode>
          </gmd:level>
        </gmd:DQ_Scope>
      </gmd:scope>
      <gmd:lineage>
        <gmd:LI_Lineage>
          <gmd:processStep>
            <gmd:LI_ProcessStep>
              <gmd:description xsi:type="gmd:PT_FreeText_PropertyType">
                <gco:CharacterString>Updates affecting Yukon Region: Creation: 14; Deletion: 0; Geometric change: 0; Attribute change: 0; Geometry and attribute change: 0.</gco:CharacterString>
                <gmd:PT_FreeText>
                  <gmd:textGroup>
                    <gmd:LocalisedCharacterString locale="#fra">Mise à jour affectant la du Yukon: Création: 14; Retrait: 0; Changement géométrique: 0; Changement d'attribut: 0; changement de géométrie et d'attribut: 0.</gmd:LocalisedCharacterString>
                  </gmd:textGroup>
                </gmd:PT_FreeText>
              </gmd:description>
              <gmd:dateTime>
                <gco:DateTime>2003-04-07T00:00:00</gco:DateTime>
              </gmd:dateTime>
            </gmd:LI_ProcessStep>
          </gmd:processStep>
          <gmd:processStep>
            <gmd:LI_ProcessStep>
              <gmd:description xsi:type="gmd:PT_FreeText_PropertyType">
                <gco:CharacterString>Updates affecting Yukon region: Creation: 0; Deletion: 0; Geometric change: 7; Attribute change: 0; Geometry and attribute change: 0.</gco:CharacterString>
                <gmd:PT_FreeText>
                  <gmd:textGroup>
                    <gmd:LocalisedCharacterString locale="#fra">Mise à jour affectant la région du Yukon: Création: 0; Retrait: 0; Changement géométrique: 7; Changement d'attribut: 0; Changement de géométrie et d'attribut: 0.</gmd:LocalisedCharacterString>
                  </gmd:textGroup>
                </gmd:PT_FreeText>
              </gmd:description>
              <gmd:dateTime>
                <gco:DateTime>2003-07-14T00:00:00</gco:DateTime>
              </gmd:dateTime>
            </gmd:LI_ProcessStep>
          </gmd:processStep>
          <gmd:processStep>
            <gmd:LI_ProcessStep>
              <gmd:description xsi:type="gmd:PT_FreeText_PropertyType">
                <gco:CharacterString>Updates affecting Yukon region: Creation: 1; Deletion: 1; Geometric change: 1; Attribute change: 0; Geometry and attribute change: 6.</gco:CharacterString>
                <gmd:PT_FreeText>
                  <gmd:textGroup>
                    <gmd:LocalisedCharacterString locale="#fra">Mise à jour affectant la région du Yukon: Création: 1; Retrait: 1; Changement géométrique: 1; Changement d'attribut: 0; Changement de géométrie et d'attribut: 6.</gmd:LocalisedCharacterString>
                  </gmd:textGroup>
                </gmd:PT_FreeText>
              </gmd:description>
              <gmd:dateTime>
                <gco:DateTime>2003-12-23T00:00:00</gco:DateTime>
              </gmd:dateTime>
            </gmd:LI_ProcessStep>
          </gmd:processStep>
          <gmd:processStep>
            <gmd:LI_ProcessStep>
              <gmd:description xsi:type="gmd:PT_FreeText_PropertyType">
                <gco:CharacterString>Updates affecting Yukon region: Creation: 0; Deletion: 0; Geometric change: 1; Attribute change: 1; Geometry and attribute change: 6.</gco:CharacterString>
                <gmd:PT_FreeText>
                  <gmd:textGroup>
                    <gmd:LocalisedCharacterString locale="#fra">Mise à jour affectant la région du Yukon: Création: 0; Retrait: 0; Changement géométrique: 1; Changement d'attribut: 1; Changement de géométrie et d'attribut: 6.</gmd:LocalisedCharacterString>
                  </gmd:textGroup>
                </gmd:PT_FreeText>
              </gmd:description>
              <gmd:dateTime>
                <gco:DateTime>2004-12-23T00:00:00</gco:DateTime>
              </gmd:dateTime>
            </gmd:LI_ProcessStep>
          </gmd:processStep>
          <gmd:processStep>
            <gmd:LI_ProcessStep>
              <gmd:description xsi:type="gmd:PT_FreeText_PropertyType">
                <gco:CharacterString>Updates affecting Yukon region: Creation: 1; Deletion: 1; Geometric change: 8; Attribute change: 0; Geometry and attribute change: 0.</gco:CharacterString>
                <gmd:PT_FreeText>
                  <gmd:textGroup>
                    <gmd:LocalisedCharacterString locale="#fra">Mise à jour affectant la région du Yukon: Création: 1; Retrait: 1; Changement géométrique: 8; Changement d'attribut: 0; Changement de géométrie et d'attribut: 0.</gmd:LocalisedCharacterString>
                  </gmd:textGroup>
                </gmd:PT_FreeText>
              </gmd:description>
              <gmd:dateTime>
                <gco:DateTime>2005-11-01T00:00:00</gco:DateTime>
              </gmd:dateTime>
            </gmd:LI_ProcessStep>
          </gmd:processStep>
          <gmd:processStep>
            <gmd:LI_ProcessStep>
              <gmd:description xsi:type="gmd:PT_FreeText_PropertyType">
                <gco:CharacterString>Updates affecting Yukon region: Creation: 0; Deletion: 0; Geometric change: 2; Attribute change: 0; Geometry and attribute change: 0.</gco:CharacterString>
                <gmd:PT_FreeText>
                  <gmd:textGroup>
                    <gmd:LocalisedCharacterString locale="#fra">Mise à jour affectant la région du Yukon: Création: 0; Retrait: 0; Changement géométrique: 2; Changement d'attribut: 0; Changement de géométrie et d'attribut: 0.</gmd:LocalisedCharacterString>
                  </gmd:textGroup>
                </gmd:PT_FreeText>
              </gmd:description>
              <gmd:dateTime>
                <gco:DateTime>2005-12-15T00:00:00</gco:DateTime>
              </gmd:dateTime>
            </gmd:LI_ProcessStep>
          </gmd:processStep>
          <gmd:processStep>
            <gmd:LI_ProcessStep>
              <gmd:description xsi:type="gmd:PT_FreeText_PropertyType">
                <gco:CharacterString>Updates affecting Yukon region: Creation: 0; Deletion: 0; Geometric change: 2; Attribute change: 0; Geometry and attribute change: 0.</gco:CharacterString>
                <gmd:PT_FreeText>
                  <gmd:textGroup>
                    <gmd:LocalisedCharacterString locale="#fra">Mise à jour affectant la région du Yukon: Création: 0; Retrait: 0; Changement géométrique: 2; Changement d'attribut: 0; Changement de géométrie et d'attribut: 0.</gmd:LocalisedCharacterString>
                  </gmd:textGroup>
                </gmd:PT_FreeText>
              </gmd:description>
              <gmd:dateTime>
                <gco:DateTime>2006-01-24T00:00:00</gco:DateTime>
              </gmd:dateTime>
            </gmd:LI_ProcessStep>
          </gmd:processStep>
          <gmd:processStep>
            <gmd:LI_ProcessStep>
              <gmd:description xsi:type="gmd:PT_FreeText_PropertyType">
                <gco:CharacterString>Updates affecting Yukon region: Creation: 0; Deletion: 0; Geometric change: 3; Attribute change: 0; Geometry and attribute change: 0.</gco:CharacterString>
                <gmd:PT_FreeText>
                  <gmd:textGroup>
                    <gmd:LocalisedCharacterString locale="#fra">Mise à jour affectant la région du Yukon: Création: 0; Retrait: 0; Changement géométrique: 3; Changement d'attribut: 0; Changement de géométrie et d'attribut: 0.</gmd:LocalisedCharacterString>
                  </gmd:textGroup>
                </gmd:PT_FreeText>
              </gmd:description>
              <gmd:dateTime>
                <gco:DateTime>2006-02-17T00:00:00</gco:DateTime>
              </gmd:dateTime>
            </gmd:LI_ProcessStep>
          </gmd:processStep>
          <gmd:processStep>
            <gmd:LI_ProcessStep>
              <gmd:description xsi:type="gmd:PT_FreeText_PropertyType">
                <gco:CharacterString>Updates affecting Yukon region: Creation: 0; Deletion: 0; Geometric change: 4; Attribute change: 0; Geometry and attribute change: 0.</gco:CharacterString>
                <gmd:PT_FreeText>
                  <gmd:textGroup>
                    <gmd:LocalisedCharacterString locale="#fra">Mise à jour affectant la région du Yukon: Création: 0; Retrait: 0; Changement géométrique: 4; Changement d'attribut: 0; Changement de géométrie et d'attribut: 0.</gmd:LocalisedCharacterString>
                  </gmd:textGroup>
                </gmd:PT_FreeText>
              </gmd:description>
              <gmd:dateTime>
                <gco:DateTime>2006-03-22T00:00:00</gco:DateTime>
              </gmd:dateTime>
            </gmd:LI_ProcessStep>
          </gmd:processStep>
          <gmd:processStep>
            <gmd:LI_ProcessStep>
              <gmd:description xsi:type="gmd:PT_FreeText_PropertyType">
                <gco:CharacterString>Updates affecting Yukon region: Creation: 0; Deletion: 0; Geometric change: 1; Attribute change: 0; Geometry and attribute change: 0.</gco:CharacterString>
                <gmd:PT_FreeText>
                  <gmd:textGroup>
                    <gmd:LocalisedCharacterString locale="#fra">Mise à jour affectant la région du Yukon: Création: 0; Retrait: 0; Changement géométrique: 1; Changement d'attribut: 0; Changement de géométrie et d'attribut: 0.</gmd:LocalisedCharacterString>
                  </gmd:textGroup>
                </gmd:PT_FreeText>
              </gmd:description>
              <gmd:dateTime>
                <gco:DateTime>2006-05-15T00:00:00</gco:DateTime>
              </gmd:dateTime>
            </gmd:LI_ProcessStep>
          </gmd:processStep>
          <gmd:processStep>
            <gmd:LI_ProcessStep>
              <gmd:description xsi:type="gmd:PT_FreeText_PropertyType">
                <gco:CharacterString>Updates affecting Yukon region: Creation: 0; Deletion: 0; Geometric change: 2; Attribute change: 0; Geometry and attribute change: 0.</gco:CharacterString>
                <gmd:PT_FreeText>
                  <gmd:textGroup>
                    <gmd:LocalisedCharacterString locale="#fra">Mise à jour affectant la région du Yukon: Création: 0; Retrait: 0; Changement géométrique: 2; Changement d'attribut: 0; Changement de géométrie et d'attribut: 0.</gmd:LocalisedCharacterString>
                  </gmd:textGroup>
                </gmd:PT_FreeText>
              </gmd:description>
              <gmd:dateTime>
                <gco:DateTime>2006-05-25T00:00:00</gco:DateTime>
              </gmd:dateTime>
            </gmd:LI_ProcessStep>
          </gmd:processStep>
          <gmd:processStep>
            <gmd:LI_ProcessStep>
              <gmd:description xsi:type="gmd:PT_FreeText_PropertyType">
                <gco:CharacterString>Updates affecting Yukon region: Creation: 0; Deletion: 0; Geometric change: 13; Attribute change: 0; Geometry and attribute change: 0.</gco:CharacterString>
                <gmd:PT_FreeText>
                  <gmd:textGroup>
                    <gmd:LocalisedCharacterString locale="#fra">Mise à jour affectant la région du Yukon: Création: 0; Retrait: 0; Changement géométrique: 13; Changement d'attribut: 0; Changement de géométrie et d'attribut: 0.</gmd:LocalisedCharacterString>
                  </gmd:textGroup>
                </gmd:PT_FreeText>
              </gmd:description>
              <gmd:dateTime>
                <gco:DateTime>2006-08-18T00:00:00</gco:DateTime>
              </gmd:dateTime>
            </gmd:LI_ProcessStep>
          </gmd:processStep>
          <gmd:processStep>
            <gmd:LI_ProcessStep>
              <gmd:description xsi:type="gmd:PT_FreeText_PropertyType">
                <gco:CharacterString>Updates affecting Yukon region: Creation: 1; Deletion: 0; Geometric change: 9; Attribute change: 1; Geometry and attribute change: 0.</gco:CharacterString>
                <gmd:PT_FreeText>
                  <gmd:textGroup>
                    <gmd:LocalisedCharacterString locale="#fra">Mise à jour affectant la région du Yukon: Création: 1; Retrait: 0; Changement géométrique: 9; Changement d'attribut: 1; Changement de géométrie et d'attribut: 0.</gmd:LocalisedCharacterString>
                  </gmd:textGroup>
                </gmd:PT_FreeText>
              </gmd:description>
              <gmd:dateTime>
                <gco:DateTime>2006-10-30T00:00:00</gco:DateTime>
              </gmd:dateTime>
            </gmd:LI_ProcessStep>
          </gmd:processStep>
          <gmd:processStep>
            <gmd:LI_ProcessStep>
              <gmd:description xsi:type="gmd:PT_FreeText_PropertyType">
                <gco:CharacterString>Updates affecting Yukon region: Creation: 0; Deletion: 0; Geometric change: 3; Attribute change: 0; Geometry and attribute change: 0.</gco:CharacterString>
                <gmd:PT_FreeText>
                  <gmd:textGroup>
                    <gmd:LocalisedCharacterString locale="#fra">Mise à jour affectant la région du Yukon: Création: 0; Retrait: 0; Changement géométrique: 3; Changement d'attribut: 0; Changement de géométrie et d'attribut: 0.</gmd:LocalisedCharacterString>
                  </gmd:textGroup>
                </gmd:PT_FreeText>
              </gmd:description>
              <gmd:dateTime>
                <gco:DateTime>2007-01-31T00:00:00</gco:DateTime>
              </gmd:dateTime>
            </gmd:LI_ProcessStep>
          </gmd:processStep>
          <gmd:processStep>
            <gmd:LI_ProcessStep>
              <gmd:description xsi:type="gmd:PT_FreeText_PropertyType">
                <gco:CharacterString>Updates affecting Yukon region: Creation: 1; Deletion: 1; Geometric change: 4; Attribute change: 0; Geometry and attribute change: 0.</gco:CharacterString>
                <gmd:PT_FreeText>
                  <gmd:textGroup>
                    <gmd:LocalisedCharacterString locale="#fra">Mise à jour affectant la région du Yukon: Création: 1; Retrait: 1; Changement géométrique: 4; Changement d'attribut: 0; Changement de géométrie et d'attribut: 0.</gmd:LocalisedCharacterString>
                  </gmd:textGroup>
                </gmd:PT_FreeText>
              </gmd:description>
              <gmd:dateTime>
                <gco:DateTime>2007-04-04T00:00:00</gco:DateTime>
              </gmd:dateTime>
            </gmd:LI_ProcessStep>
          </gmd:processStep>
          <gmd:processStep>
            <gmd:LI_ProcessStep>
              <gmd:description xsi:type="gmd:PT_FreeText_PropertyType">
                <gco:CharacterString>Updates affecting Yukon Region: Creation: 0; Deletion: 12; Geometric change: 3; Attribute change: 0; Geometry and attribute change: 0.</gco:CharacterString>
                <gmd:PT_FreeText>
                  <gmd:textGroup>
                    <gmd:LocalisedCharacterString locale="#fra">Mise à jour affectant la région du Yukon: Création: 0; Retrait: 12; Changement géométrique: 3; Changement d'attribut: 0; Changement de géométrie et d'attribut: 0.</gmd:LocalisedCharacterString>
                  </gmd:textGroup>
                </gmd:PT_FreeText>
              </gmd:description>
              <gmd:dateTime>
                <gco:DateTime>2009-11-30T00:00:00</gco:DateTime>
              </gmd:dateTime>
            </gmd:LI_ProcessStep>
          </gmd:processStep>
          <gmd:processStep>
            <gmd:LI_ProcessStep>
              <gmd:description xsi:type="gmd:PT_FreeText_PropertyType">
                <gco:CharacterString>Updates affecting Yukon Region: Creation: 0; Deletion: 0; Geometric change: 0; Attribute change: 0; Geometry and attribute change: 3.</gco:CharacterString>
                <gmd:PT_FreeText>
                  <gmd:textGroup>
                    <gmd:LocalisedCharacterString locale="#fra">Mise à jour affectant la région du Yukon: Création: 0; Retrait: 0; Changement géométrique: 0; Changement d'attribut: 0; Changement de géométrie et d'attribut: 3.</gmd:LocalisedCharacterString>
                  </gmd:textGroup>
                </gmd:PT_FreeText>
              </gmd:description>
              <gmd:dateTime>
                <gco:DateTime>2010-01-03T00:00:00</gco:DateTime>
              </gmd:dateTime>
            </gmd:LI_ProcessStep>
          </gmd:processStep>
          <gmd:processStep>
            <gmd:LI_ProcessStep>
              <gmd:description xsi:type="gmd:PT_FreeText_PropertyType">
                <gco:CharacterString>Updates affecting Yukon Region: Creation: 0; Deletion: 0; Geometric change: 1; Attribute change: 0; Geometry and attribute change: 0.</gco:CharacterString>
                <gmd:PT_FreeText>
                  <gmd:textGroup>
                    <gmd:LocalisedCharacterString locale="#fra">Mise à jour affectant la Région du Yukon: Création: 0; Retrait: 0; Changement géométrique: 1; Changement d'attribut: 0; Changement de géométrie et d'attribut: 0.</gmd:LocalisedCharacterString>
                  </gmd:textGroup>
                </gmd:PT_FreeText>
              </gmd:description>
              <gmd:dateTime>
                <gco:DateTime>2010-04-06T00:00:00</gco:DateTime>
              </gmd:dateTime>
            </gmd:LI_ProcessStep>
          </gmd:processStep>
          <gmd:processStep>
            <gmd:LI_ProcessStep>
              <gmd:description xsi:type="gmd:PT_FreeText_PropertyType">
                <gco:CharacterString>Updates affecting Yukon Region: Creation: 0; Deletion: 0; Geometric change: 1; Attribute change: 0; Geometry and attribute change: 0.</gco:CharacterString>
                <gmd:PT_FreeText>
                  <gmd:textGroup>
                    <gmd:LocalisedCharacterString locale="#fra">Mise à jour affectant la Région du Yukon: Création: 0; Retrait: 0; Changement géométrique: 1; Changement d'attribut: 0; Changement de géométrie et d'attribut: 0.</gmd:LocalisedCharacterString>
                  </gmd:textGroup>
                </gmd:PT_FreeText>
              </gmd:description>
              <gmd:dateTime>
                <gco:DateTime>2011-03-07T00:00:00</gco:DateTime>
              </gmd:dateTime>
            </gmd:LI_ProcessStep>
          </gmd:processStep>
          <gmd:processStep>
            <gmd:LI_ProcessStep>
              <gmd:description xsi:type="gmd:PT_FreeText_PropertyType">
                <gco:CharacterString>Updates affecting Yukon Region: Creation: 0; Deletion: 0; Geometric change: 1; Attribute change: 0; Geometry and attribute change: 0.</gco:CharacterString>
                <gmd:PT_FreeText>
                  <gmd:textGroup>
                    <gmd:LocalisedCharacterString locale="#fra">Mise à jour affectant la Région du Yukon: Création: 0; Retrait: 0; Changement géométrique: 1; Changement d'attribut: 0; Changement de géométrie et d'attribut: 0.</gmd:LocalisedCharacterString>
                  </gmd:textGroup>
                </gmd:PT_FreeText>
              </gmd:description>
              <gmd:dateTime>
                <gco:DateTime>2013-10-09T00:00:00</gco:DateTime>
              </gmd:dateTime>
            </gmd:LI_ProcessStep>
          </gmd:processStep>
          <gmd:processStep>
            <gmd:LI_ProcessStep>
              <gmd:description xsi:type="gmd:PT_FreeText_PropertyType">
                <gco:CharacterString>Updates affecting Yukon Region: Creation: 0; Deletion: 0; Geometric change: 0; Attribute change: 1; Geometry and attribute change: 0.</gco:CharacterString>
                <gmd:PT_FreeText>
                  <gmd:textGroup>
                    <gmd:LocalisedCharacterString locale="#fra">Mise à jour affectant la Région du Yukon: Création: 0; Retrait: 0; Changement géométrique: 0; Changement d'attribut: 1; Changement de géométrie et d'attribut: 0.</gmd:LocalisedCharacterString>
                  </gmd:textGroup>
                </gmd:PT_FreeText>
              </gmd:description>
              <gmd:dateTime>
                <gco:DateTime>2013-12-09T00:00:00</gco:DateTime>
              </gmd:dateTime>
            </gmd:LI_ProcessStep>
          </gmd:processStep>
          <gmd:processStep>
            <gmd:LI_ProcessStep>
              <gmd:description xsi:type="gmd:PT_FreeText_PropertyType">
                <gco:CharacterString>Updates affecting Yukon Region: Creation: 0; Deletion: 0; Geometric change: 1; Attribute change: 2; Geometry and attribute change: 0.</gco:CharacterString>
                <gmd:PT_FreeText>
                  <gmd:textGroup>
                    <gmd:LocalisedCharacterString locale="#fra">Mise à jour affectant la Région du Yukon: Création: 0; Retrait: 0; Changement géométrique: 1; Changement d'attribut: 2; Changement de géométrie et d'attribut: 0.</gmd:LocalisedCharacterString>
                  </gmd:textGroup>
                </gmd:PT_FreeText>
              </gmd:description>
              <gmd:dateTime>
                <gco:DateTime>2014-03-11T00:00:00</gco:DateTime>
              </gmd:dateTime>
            </gmd:LI_ProcessStep>
          </gmd:processStep>
          <gmd:processStep>
            <gmd:LI_ProcessStep>
              <gmd:description xsi:type="gmd:PT_FreeText_PropertyType">
                <gco:CharacterString>Updates affecting Yukon Region: Creation: 0; Deletion: 0; Geometric change: 1; Attribute change: 0; Geometry and attribute change: 0.</gco:CharacterString>
                <gmd:PT_FreeText>
                  <gmd:textGroup>
                    <gmd:LocalisedCharacterString locale="#fra">Mise à jour affectant la Région du Yukon: Création: 0; Retrait: 0; Changement géométrique: 1; Changement d'attribut: 0; Changement de géométrie et d'attribut: 0.</gmd:LocalisedCharacterString>
                  </gmd:textGroup>
                </gmd:PT_FreeText>
              </gmd:description>
              <gmd:dateTime>
                <gco:DateTime>2014-04-07T00:00:00</gco:DateTime>
              </gmd:dateTime>
            </gmd:LI_ProcessStep>
          </gmd:processStep>
          <gmd:processStep>
            <gmd:LI_ProcessStep>
              <gmd:description xsi:type="gmd:PT_FreeText_PropertyType">
                <gco:CharacterString>Updates affecting Yukon Region: Creation: 1; Deletion: 0; Geometric change: 3; Attribute change: 0; Geometry and attribute change: 0.</gco:CharacterString>
                <gmd:PT_FreeText>
                  <gmd:textGroup>
                    <gmd:LocalisedCharacterString locale="#fra">Mise à jour affectant la Région du Yukon: Création: 1; Retrait: 0; Changement géométrique: 3; Changement d'attribut: 0; Changement de géométrie et d'attribut: 0.</gmd:LocalisedCharacterString>
                  </gmd:textGroup>
                </gmd:PT_FreeText>
              </gmd:description>
              <gmd:dateTime>
                <gco:DateTime>2014-05-20T00:00:00</gco:DateTime>
              </gmd:dateTime>
            </gmd:LI_ProcessStep>
          </gmd:processStep>
          <gmd:processStep>
            <gmd:LI_ProcessStep>
              <gmd:description xsi:type="gmd:PT_FreeText_PropertyType">
                <gco:CharacterString>Updates affecting Yukon Region: Creation: 0; Deletion: 0; Geometric change: 1; Attribute change: 0; Geometry and attribute change: 0.</gco:CharacterString>
                <gmd:PT_FreeText>
                  <gmd:textGroup>
                    <gmd:LocalisedCharacterString locale="#fra">Mise à jour affectant la Région du Yukon: Création: 0; Retrait: 0; Changement géométrique: 1; Changement d'attribut: 0; Changement de géométrie et d'attribut: 0.</gmd:LocalisedCharacterString>
                  </gmd:textGroup>
                </gmd:PT_FreeText>
              </gmd:description>
              <gmd:dateTime>
                <gco:DateTime>2014-11-05T00:00:00</gco:DateTime>
              </gmd:dateTime>
            </gmd:LI_ProcessStep>
          </gmd:processStep>
          <gmd:processStep>
            <gmd:LI_ProcessStep>
              <gmd:description xsi:type="gmd:PT_FreeText_PropertyType">
                <gco:CharacterString>Updates affecting Yukon: Creation:  0; Deletion: 0; Geometric change: 1; Attribute change: 0; Geometry and attribute change: 0.</gco:CharacterString>
                <gmd:PT_FreeText>
                  <gmd:textGroup>
                    <gmd:LocalisedCharacterString locale="#fra">Mise à jour affectant le Yukon: Création: 0; Retrait: 0; Changement géométrique: 1; Changement d'attribut: 0; Changement de géométrie et d'attribut: 0.</gmd:LocalisedCharacterString>
                  </gmd:textGroup>
                </gmd:PT_FreeText>
              </gmd:description>
              <gmd:dateTime>
                <gco:DateTime>2015-03-24T00:00:00</gco:DateTime>
              </gmd:dateTime>
            </gmd:LI_ProcessStep>
          </gmd:processStep>
          <gmd:processStep>
            <gmd:LI_ProcessStep>
              <gmd:description xsi:type="gmd:PT_FreeText_PropertyType">
                <gco:CharacterString>Updates affecting Yukon: Creation:  0; Deletion: 0; Geometric change: 1; Attribute change: 0; Geometry and attribute change: 0.</gco:CharacterString>
                <gmd:PT_FreeText>
                  <gmd:textGroup>
                    <gmd:LocalisedCharacterString locale="#fra">Mise à jour affectant le Yukon: Création: 0; Retrait: 0; Changement géométrique: 1; Changement d'attribut: 0; Changement de géométrie et d'attribut: 0.</gmd:LocalisedCharacterString>
                  </gmd:textGroup>
                </gmd:PT_FreeText>
              </gmd:description>
              <gmd:dateTime>
                <gco:DateTime>2016-02-03T00:00:00</gco:DateTime>
              </gmd:dateTime>
            </gmd:LI_ProcessStep>
          </gmd:processStep>
          <gmd:processStep>
            <gmd:LI_ProcessStep>
              <gmd:description xsi:type="gmd:PT_FreeText_PropertyType">
                <gco:CharacterString>Updates affecting Yukon: Creation:  0; Deletion: 0; Geometric change: 2; Attribute change: 0; Geometry and attribute change: 0.</gco:CharacterString>
                <gmd:PT_FreeText>
                  <gmd:textGroup>
                    <gmd:LocalisedCharacterString locale="#fra">Mise à jour affectant le Yukon: Création: 0; Retrait: 0; Changement géométrique: 2; Changement d'attribut: 0; Changement de géométrie et d'attribut: 0.</gmd:LocalisedCharacterString>
                  </gmd:textGroup>
                </gmd:PT_FreeText>
              </gmd:description>
              <gmd:dateTime>
                <gco:DateTime>2016-03-02T00:00:00</gco:DateTime>
              </gmd:dateTime>
            </gmd:LI_ProcessStep>
          </gmd:processStep>
          <gmd:processStep>
            <gmd:LI_ProcessStep>
              <gmd:description xsi:type="gmd:PT_FreeText_PropertyType">
                <gco:CharacterString>Updates affecting Yukon: Creation:  0; Deletion: 0; Geometric change: 1; Attribute change: 0; Geometry and attribute change: 0.</gco:CharacterString>
                <gmd:PT_FreeText>
                  <gmd:textGroup>
                    <gmd:LocalisedCharacterString locale="#fra">Mise à jour affectant le Yukon: Création: 0; Retrait: 0; Changement géométrique: 1; Changement d'attribut: 0; Changement de géométrie et d'attribut: 0.</gmd:LocalisedCharacterString>
                  </gmd:textGroup>
                </gmd:PT_FreeText>
              </gmd:description>
              <gmd:dateTime>
                <gco:DateTime>2016-05-06T00:00:00</gco:DateTime>
              </gmd:dateTime>
            </gmd:LI_ProcessStep>
          </gmd:processStep>
          <gmd:processStep>
            <gmd:LI_ProcessStep>
              <gmd:description xsi:type="gmd:PT_FreeText_PropertyType">
                <gco:CharacterString>Updates affecting Yukon: Creation:  0; Deletion: 0; Geometric change: 0; Attribute change: 0; Geometry and attribute change: 1.</gco:CharacterString>
                <gmd:PT_FreeText>
                  <gmd:textGroup>
                    <gmd:LocalisedCharacterString locale="#fra">Mise à jour affectant le Yukon: Création: 0; Retrait: 0; Changement géométrique: 0; Changement d'attribut: 0; Changement de géométrie et d'attribut: 1.</gmd:LocalisedCharacterString>
                  </gmd:textGroup>
                </gmd:PT_FreeText>
              </gmd:description>
              <gmd:dateTime>
                <gco:DateTime>2017-01-05T00:00:00</gco:DateTime>
              </gmd:dateTime>
            </gmd:LI_ProcessStep>
          </gmd:processStep>
          <gmd:processStep>
            <gmd:LI_ProcessStep>
              <gmd:description xsi:type="gmd:PT_FreeText_PropertyType">
                <gco:CharacterString>Updates affecting Yukon: Creation:  0; Deletion: 0; Geometric change: 1; Attribute change: 0; Geometry and attribute change: 0.</gco:CharacterString>
                <gmd:PT_FreeText>
                  <gmd:textGroup>
                    <gmd:LocalisedCharacterString locale="#fra">Mise à jour affectant le Yukon: Création: 0; Retrait: 0; Changement géométrique: 1; Changement d'attribut: 0; Changement de géométrie et d'attribut: 0.</gmd:LocalisedCharacterString>
                  </gmd:textGroup>
                </gmd:PT_FreeText>
              </gmd:description>
              <gmd:dateTime>
                <gco:DateTime>2017-05-03T00:00:00</gco:DateTime>
              </gmd:dateTime>
            </gmd:LI_ProcessStep>
          </gmd:processStep>
          <gmd:processStep>
            <gmd:LI_ProcessStep>
              <gmd:description xsi:type="gmd:PT_FreeText_PropertyType">
                <gco:CharacterString>Updates affecting Yukon: Creation:  0; Deletion: 0; Geometric change: 4; Attribute change: 0; Geometry and attribute change: 0.</gco:CharacterString>
                <gmd:PT_FreeText>
                  <gmd:textGroup>
                    <gmd:LocalisedCharacterString locale="#fra">Mise à jour affectant le Yukon: Création: 0; Retrait: 0; Changement géométrique: 4; Changement d'attribut: 0; Changement de géométrie et d'attribut: 0.</gmd:LocalisedCharacterString>
                  </gmd:textGroup>
                </gmd:PT_FreeText>
              </gmd:description>
              <gmd:dateTime>
                <gco:DateTime>2017-12-10T00:00:00</gco:DateTime>
              </gmd:dateTime>
            </gmd:LI_ProcessStep>
          </gmd:processStep>
        </gmd:LI_Lineage>
      </gmd:lineage>
    </gmd:DQ_DataQuality>
  </gmd:dataQualityInfo>
</gmd:MD_Metadata>